scope,term,occurrences_before_review,review_status,recommendation,reason,example_1,example_2
project,delight,4,pending,Keep exact product name; inspect checker,Part of an external product name.,B-0027:19 - An Alex's Mobs Continued Delight profile can add declared ingredients and meals through a supported Farmer's Delight recipe path.,"B-0027:18 - A Farmer's Delight or Farmer's Delight Refabricated profile declares supported ingredients, meals, item parts, and cooking processes."
project,farmer,3,pending,Keep exact product name; inspect checker,Part of an external product name.,B-0027:19 - An Alex's Mobs Continued Delight profile can add declared ingredients and meals through a supported Farmer's Delight recipe path.,"B-0027:18 - A Farmer's Delight or Farmer's Delight Refabricated profile declares supported ingredients, meals, item parts, and cooking processes."
project,refabricated,1,pending,Keep exact product name; inspect checker,Part of an external product name.,"B-0027:18 - A Farmer's Delight or Farmer's Delight Refabricated profile declares supported ingredients, meals, item parts, and cooking processes.",
project,cooking,10,added to project glossary,Review for project glossary,Named production process.,"B-0024:65 - Cooking, brewing, room actions, stock targets, upgrade funding plans, and remote jobs.","B-0025:21 - Cooking does not plant, harvest, feed, slaughter, or obtain ingredients for the cabin."
project,meal,7,added to project glossary,Review for project glossary,Prepared food product.,B-0025:57 - Supported base processes and safe meal and potion parts need agreement.,"B-0025:42 This feature covers base cooking and brewing profiles, meal and potion knowledge, and local jobs."
project,tier,6,added to project glossary,Review for project glossary,Progression level.,"B-0024:77 - Exact plan limits, base work, tier throughput, and catch-up caps need agreement.",B-0024:35 - The installed tier sets work per game tick. A job does not create its output at request time.
project,ingredients,5,added to project glossary,Review for project glossary,Recipe inputs.,"B-0025:21 - Cooking does not plant, harvest, feed, slaughter, or obtain ingredients for the cabin.","B-0025:30 - A job needs a declared brewing path, bottles, ingredients, its installed capability, destination space, and work time."
project,feeding,4,added to project glossary,Review for project glossary,Named room action.,"B-0025:46 - Room farming, feeding, slaughter, or arbitrary machine simulation.","B-0026:21 - Livestock feeding, passive product collection, and surplus slaughter are separate actions."
project,meals,4,added to project glossary,Review for project glossary,Prepared food products.,B-0025:8 Let a cabin reproduce known meals and potions through supported local processes and timed work.,B-0027:19 - An Alex's Mobs Continued Delight profile can add declared ingredients and meals through a supported Farmer's Delight recipe path.
project,replanting,4,added to project glossary,Review for project glossary,Named room action.,B-0026:22 - Forestry felling and replanting are separate actions.,B-0026:20 - Greenhouse harvesting and replanting are separate actions.
project,slaughter,4,added to project glossary,Review for project glossary,Named room action.,"B-0025:46 - Room farming, feeding, slaughter, or arbitrary machine simulation.","B-0025:21 - Cooking does not plant, harvest, feed, slaughter, or obtain ingredients for the cabin."
project,harvesting,3,added to project glossary,Review for project glossary,Named room action.,B-0026:20 - Greenhouse harvesting and replanting are separate actions.,"B-0026:33 - Feeding, collection, slaughter, harvesting, and felling obey the room's population and safety limits."
project,tiers,3,added to project glossary,Review for project glossary,Progression levels.,"B-0027:57 - Supported mod versions, exact process profiles, progression tiers, and balance values need agreement.","B-0036:32 - The target obeys installed capabilities, owner reserves, inputs, tiers, work time, and destination capacity."
project,wood,3,pending,Review for project glossary,"Specific Minecraft item, action, or cabin domain term.","B-0027:42 This feature covers optional food processes, kiln work, managed wood processing, and later coal synthesis.","B-0027:30 - Kiln processing and managed-wood work into charcoal use explicit inputs, outputs, returns, duration, tier, and capability rules."
project,breeding,2,added to project glossary,Review for project glossary,Minecraft animal behavior.,"B-0006:73 - More than one house cat per cabin, breeding, or output from inactive time.","B-0006:37 - Inactive or packed time gives no gifts, breeding progress, or other output."
project,sit,2,added to project glossary,Review for project glossary,Cat state or owner action.,B-0006:32 - The owner can make the cat sit or stand. Other players cannot change its sit state or home.,
project,sleep,2,added to project glossary,Review for project glossary,Minecraft sleep behavior.,B-0006:36 - A cat can sleep near its owner and give a normal cat gift only after that owner completes sleep while the interior is active.,
project,beds,1,added to project glossary,Review for project glossary,"Specific Minecraft item, action, or cabin domain term.","B-0006:31 - A standing cat can roam within safe bounds and favor beds, warm blocks, carpets, window perches, and nearby players.",
project,bottles,1,added to project glossary,Review for project glossary,"Specific Minecraft item, action, or cabin domain term.","B-0025:30 - A job needs a declared brewing path, bottles, ingredients, its installed capability, destination space, and work time.",
project,brew,1,added to project glossary,Review for project glossary,"Specific Minecraft item, action, or cabin domain term.",B-0025:23 ### S2: Brew a potion,
project,carpets,1,added to project glossary,Review for project glossary,"Specific Minecraft item, action, or cabin domain term.","B-0006:31 - A standing cat can roam within safe bounds and favor beds, warm blocks, carpets, window perches, and nearby players.",
project,durability,1,added to project glossary,Review for project glossary,Minecraft item state.,"B-0007:21 - A template keeps only approved identity and variant parts. It excludes contents, custom names, lore, current durability, enchantments, and unsafe nested data.",
project,enchantment,1,added to project glossary,Review for project glossary,Minecraft item state.,"B-0007:42 - Automation books are cabin discoveries, separate from ordinary enchantment knowledge.",
project,enchantments,1,added to project glossary,Review for project glossary,Minecraft item state.,"B-0007:21 - A template keeps only approved identity and variant parts. It excludes contents, custom names, lore, current durability, enchantments, and unsafe nested data.",
project,feed,1,added to project glossary,Review for project glossary,"Specific Minecraft item, action, or cabin domain term.","B-0025:21 - Cooking does not plant, harvest, feed, slaughter, or obtain ingredients for the cabin.",
project,fixture,1,added to project glossary,Review for project glossary,"Specific Minecraft item, action, or cabin domain term.","B-0026:65 - Each room's population, safety, fixture, and packed-time rules need agreement before these actions are Ready.",
project,fixtures,1,added to project glossary,Review for project glossary,"Specific Minecraft item, action, or cabin domain term.",B-0026:34 - Required transfers between declared room fixtures and central storage account for inputs and outputs.,
project,furnaces,1,added to project glossary,Review for project glossary,"Specific Minecraft item, action, or cabin domain term.","B-0024:66 - Background simulation of furnaces, placed blocks, or modded machines.",
project,gift,1,added to project glossary,Review for project glossary,Cat gift output.,B-0006:36 - A cat can sleep near its owner and give a normal cat gift only after that owner completes sleep while the interior is active.,
project,gifts,1,added to project glossary,Review for project glossary,Cat gift outputs.,"B-0006:37 - Inactive or packed time gives no gifts, breeding progress, or other output.",
project,harvest,1,added to project glossary,Review for project glossary,"Specific Minecraft item, action, or cabin domain term.","B-0025:21 - Cooking does not plant, harvest, feed, slaughter, or obtain ingredients for the cabin.",
project,ingredient,1,added to project glossary,Review for project glossary,Recipe input.,B-0024:34 - Each crafting operation costs base recipe work plus consumed ingredient units. Every batch and intermediate adds work.,
project,loot,1,added to project glossary,Review for project glossary,Discovered item source.,"B-0007:54 - Exact book rarity, loot placement, and control art.",
project,lore,1,added to project glossary,Review for project glossary,Minecraft item text.,"B-0007:21 - A template keeps only approved identity and variant parts. It excludes contents, custom names, lore, current durability, enchantments, and unsafe nested data.",
project,perches,1,added to project glossary,Review for project glossary,"Specific Minecraft item, action, or cabin domain term.","B-0006:31 - A standing cat can roam within safe bounds and favor beds, warm blocks, carpets, window perches, and nearby players.",
project,seeds,1,added to project glossary,Review for project glossary,"Specific Minecraft item, action, or cabin domain term.",B-0026:32 - Replanting consumes seeds or saplings. No room action creates required inputs.,
project,stand,1,added to project glossary,Review for project glossary,Cat state or owner action.,B-0006:32 - The owner can make the cat sit or stand. Other players cannot change its sit state or home.,
project,standing,1,added to project glossary,Review for project glossary,Cat state.,"B-0006:31 - A standing cat can roam within safe bounds and favor beds, warm blocks, carpets, window perches, and nearby players.",
project,tick,1,added to project glossary,Review for project glossary,Minecraft game-time unit.,B-0024:35 - The installed tier sets work per game tick. A job does not create its output at request time.,
project,modded,4,added to project glossary,Rewrite or clarify first,Broad ordinary word or better named by an existing project concept.,"B-0024:66 - Background simulation of furnaces, placed blocks, or modded machines.","B-0027:46 - Automatic support for every modded recipe, block, entity, or item component."
project,animals,3,added to project glossary,Rewrite or clarify first,Broad ordinary word or better named by an existing project concept.,"B-0026:51 - Building rooms, changing manual room behavior, or automating arbitrary blocks and animals.","B-0006:72 - Other pets, cats owned by residents or guests, stable animals, and functional room animals."
project,collection,3,pending,Rewrite or clarify first,Broad ordinary word or better named by an existing project concept.,"B-0026:21 - Livestock feeding, passive product collection, and surplus slaughter are separate actions.","B-0026:33 - Feeding, collection, slaughter, harvesting, and felling obey the room's population and safety limits."
project,food,3,added to project glossary,Rewrite or clarify first,Broad ordinary word or better named by an existing project concept.,"B-0027:42 This feature covers optional food processes, kiln work, managed wood processing, and later coal synthesis.",B-0027:14 Story: A player with supported optional food content requests a known meal through a declared local process.
project,pet,1,added to project glossary,Rewrite or clarify first,Broad ordinary word or better named by an existing project concept.,B-0006:64 - Protection applies only while the cat has a cabin home. It cannot leave automatically and act as a protected outdoor pet.,
project,pets,1,added to project glossary,Rewrite or clarify first,Broad ordinary word or better named by an existing project concept.,"B-0006:72 - Other pets, cats owned by residents or guests, stable animals, and functional room animals.",
project,wild,1,pending,Rewrite or clarify first,Broad ordinary word or better named by an existing project concept.,"B-0006:20 - The cabin accepts at most one house cat. Wild cats, other players' cats, and a second cat get distinct rejection reasons.",
project,window,1,pending,Rewrite or clarify first,Broad ordinary word or better named by an existing project concept.,"B-0006:31 - A standing cat can roam within safe bounds and favor beds, warm blocks, carpets, window perches, and nearby players.",
shared,cancellation,6,added to shared vocabulary,Review for shared vocabulary,General job lifecycle action.,B-0024:78 - The set of supported recipes and the job cancellation control need agreement.,"B-0037:33 - Job inputs, work, pause, cancellation, and recovery follow the bounded crafting rules."
shared,bounded,4,added to shared vocabulary,Review for shared vocabulary,General limit on work or resources.,"B-0037:33 - Job inputs, work, pause, cancellation, and recovery follow the bounded crafting rules.",B-0026:42 - Room actions use the job feature's bounded work and resource protection where applicable.
shared,invalid,4,pending,Review for shared vocabulary,Reusable software or workflow term.,B-0025:38 - An absent or invalid optional process stops only jobs that need that process and gives a reason.,B-0007:34 - An invalid book or a capability the cabin already has leaves the book unchanged and gives a reason.
shared,duplicate,3,pending,Review for shared vocabulary,General recovery failure mode.,"B-0026:38 - Progress and resource changes survive packing, restart, and redeployment without duplicate output.",B-0006:59 - Recovery completes or reverses an interrupted release without a duplicate cat or a lost home record.
shared,simulation,3,added to shared vocabulary,Review for shared vocabulary,General background processing.,"B-0025:46 - Room farming, feeding, slaughter, or arbitrary machine simulation.","B-0024:66 - Background simulation of furnaces, placed blocks, or modded machines."
shared,ambiguous,2,pending,Review for shared vocabulary,Reusable software or workflow term.,B-0036:31 - The cabin does not choose a recipe from storage or registry order. An ambiguous or invalid choice pauses the target.,"B-0024:56 - Missing inputs, unknown templates, ambiguous recipes, disabled capabilities, reserves, full output, tiers, and catch-up limits can pause work."
shared,intermediate,2,added to shared vocabulary,Review for shared vocabulary,Reusable software or workflow term.,"B-0024:19 - A plan can make known intermediate products within set depth, operation, and output limits.",B-0024:34 - Each crafting operation costs base recipe work plus consumed ingredient units. Every batch and intermediate adds work.
shared,intermediates,2,added to shared vocabulary,Review for shared vocabulary,Reusable software or workflow term.,"B-0037:20 - The plan shows recipes, inputs, intermediates, returns, by-products, reserves, time, and output capacity.","B-0024:21 - The cabin shows exact inputs, intermediates, returns, by-products, protected reserves, total work, expected duration, and output space."
shared,interrupted,2,pending,Review for shared vocabulary,Reusable software or workflow term.,B-0006:59 - Recovery completes or reverses an interrupted release without a duplicate cat or a lost home record.,"B-0037:34 - Packing, restart, or an interrupted transfer cannot duplicate fund materials or lose committed inputs."
shared,variant,2,added to shared vocabulary,Review for shared vocabulary,General item or data variation.,B-0007:22 - An unsupported variant stays in storage and shows why the cabin cannot learn it.,"B-0007:21 - A template keeps only approved identity and variant parts. It excludes contents, custom names, lore, current durability, enchantments, and unsafe nested data."
shared,integration,1,added to shared vocabulary,Review for shared vocabulary,Optional software connection.,"B-0027:38 - An absent integration does not stop central storage, base jobs, or cabin startup.",
shared,integrations,1,added to shared vocabulary,Review for shared vocabulary,Optional software connections.,B-0027:37 - Optional profiles apply only to declared integrations and item variants.,
shared,interruption,1,added to shared vocabulary,Review for shared vocabulary,Reusable software or workflow term.,B-0024:57 - Progress and resource changes remain limited and recoverable after interruption.,
shared,recoverable,1,pending,Review for shared vocabulary,Reusable software or workflow term.,B-0024:57 - Progress and resource changes remain limited and recoverable after interruption.,
shared,registry,1,added to shared vocabulary,Review for shared vocabulary,Reusable software or workflow term.,B-0036:31 - The cabin does not choose a recipe from storage or registry order. An ambiguous or invalid choice pauses the target.,B-0006:81 - [Cabin identity decision](../../decisions/adr/0005-authoritative-cabin-registry.md).
shared,reservation,1,added to shared vocabulary,Review for shared vocabulary,General resource commitment.,"B-0025:37 - Jobs use the crafting feature's reservation, capacity, cancellation, pause, packed-time, and recovery rules.",
shared,throughput,1,added to shared vocabulary,Review for shared vocabulary,General work rate.,"B-0024:77 - Exact plan limits, base work, tier throughput, and catch-up caps need agreement.",
shared,trigger,1,added to shared vocabulary,Review for shared vocabulary,Reusable software or workflow term.,B-0024:55 - Jobs start only from an explicit request or a separate approved trigger. The cabin has no general production mode.,
shared,triggers,1,added to shared vocabulary,Review for shared vocabulary,Reusable software or workflow term.,B-0036:44 This feature covers owner-configured local stock triggers and their status.,
shared,uncommitted,1,pending,Review for shared vocabulary,Reusable software or workflow term.,B-0024:24 - A role loss stops an uncommitted request. A committed job keeps its resources but pauses before further restricted decisions.,
shared,variants,1,added to shared vocabulary,Review for shared vocabulary,General item or data variations.,B-0027:37 - Optional profiles apply only to declared integrations and item variants.,
shared,remote,3,pending,Rewrite or clarify first,Usage may not need a technical vocabulary exception.,B-0037:49 - Direct transfer from another cabin or remote production.,"B-0036:48 - General automatic production, mailbox fulfilment, surplus delivery, and remote jobs."
shared,startup,2,added to shared vocabulary,Rewrite or clarify first,Usage may not need a technical vocabulary exception.,"B-0027:38 - An absent integration does not stop central storage, base jobs, or cabin startup.","B-0027:22 - If required optional content is absent or invalid, affected meals remain storable but cannot be reproduced. Base startup still works."
shared,architecture,1,added to shared vocabulary,Rewrite or clarify first,Usage may not need a technical vocabulary exception.,B-0037:55 - [Upgrade fund architecture](../../decisions/adr/0002-use-target-keyed-upgrade-funds.md).,
shared,batch,1,added to shared vocabulary,Rewrite or clarify first,Usage may not need a technical vocabulary exception.,B-0024:34 - Each crafting operation costs base recipe work plus consumed ingredient units. Every batch and intermediate adds work.,
shared,bind,1,added to shared vocabulary,Rewrite or clarify first,Usage may not need a technical vocabulary exception.,"B-0006:23 - If the move stops before it finishes, recovery completes or reverses it. Recovery does not create a second cat or bind it to two cabins.",
shared,net,1,pending,Rewrite or clarify first,Usage may not need a technical vocabulary exception.,"B-0024:20 - A plan rejects cycles and paths that create a net gain of resources, including hidden container returns and by-products.",
shared,unsafe,1,pending,Rewrite or clarify first,Usage may not need a technical vocabulary exception.,"B-0007:21 - A template keeps only approved identity and variant parts. It excludes contents, custom names, lore, current durability, enchantments, and unsafe nested data.",
